{
    "parent": "minecraft:item/template_skull",
    "overrides": [
        {
            "predicate": { "custom_model_data": 22599 },
            "model": "CrypticAdded/item/stellarium_core"
        },
        {
            "predicate": { "custom_model_data": 31538 },
            "model": "CrypticAdded/item/astralium_shard"
        },
        {
            "predicate": { "custom_model_data": 42334 },
            "model": "CrypticAdded/item/oxygen_tank_tier_2"
        },
        {
            "predicate": { "custom_model_data": 58302 },
            "model": "CrypticAdded/item/oxygen_tank_tier_1"
        },
        {
            "predicate": { "custom_model_data": 69457 },
            "model": "CrypticAdded/item/lunarite"
        },
        {
            "predicate": { "custom_model_data": 90676 },
            "model": "CrypticAdded/item/oxygen_tank_tier_3"
        }
    ]
}
